name,review,rating,response
Sarah Johnson,"This is my favorite bookstore! The staff always has amazing recommendations and I love the cozy reading nooks. Their selection of fantasy novels is outstanding.",5,"Thank you so much for your kind words, Sarah! We're delighted to be your favorite bookstore. Our team loves sharing book recommendations, and we're especially proud of our fantasy section. Looking forward to your next visit!"
Michael Chen,"Peaceful atmosphere and great coffee bar. I spent hours browsing the classics section. The staff member who helped me find a rare edition of The Great Gatsby was incredibly knowledgeable.",5,"We're so grateful for your wonderful review, Michael! Our staff takes pride in their literary knowledge, and we're thrilled we could help you find that special edition. The coffee bar and peaceful ambiance are designed to make book lovers like you feel at home."
Emma Thompson,"Disappointed by the limited selection of science fiction books. The store was also quite crowded on a Saturday afternoon.",2,"Hi Emma, thank you for your feedback. We're sorry to hear about your experience. We're actually expanding our sci-fi section next month! As for the weekend crowds, we recommend visiting during our quieter morning hours for a more relaxed browsing experience. We'd love to have you back to show you our improvements."
David Wilson,"Love the weekly book club meetings and author events. This place is more than just a bookstore - it's a community hub!",5,"David, we're touched by your review! Creating a vibrant community space for book lovers is exactly what we aim for. Thank you for being part of our book club family!"
Lisa Martinez,"The children's section is magical! My kids never want to leave. The Saturday morning story time is the highlight of our week.",5,"Thank you, Lisa! Hearing that we've helped foster a love of reading in your children makes our day. We put extra love into our children's section and story time events. See you next Saturday!"
James Peterson,"Books were overpriced compared to online retailers. Staff seemed busy and inattentive.",2,"Hi James, we appreciate your honest feedback. While we may not always match online prices, we strive to offer value through our personalized service and community events. We're addressing our staff training to ensure everyone receives proper attention. Please give us another chance to serve you better."
Rachel Kim,"Perfect spot for book lovers! Clean, organized, and the monthly author visits are fantastic. Plus, their loyalty program is great value.",5,"Rachel, thank you for this lovely review! We're so glad you're enjoying our loyalty program and author events. Customers like you make our bookstore community special!"
Tom Garcia,"Couldn't find the book I wanted and was told it would take 2 weeks to order. Too long to wait.",2,"Hello Tom, we apologize for the inconvenience. We're working on improving our ordering system to reduce wait times. Next time, we'd be happy to explore similar titles you might enjoy while waiting, or help you place an advance order. Thank you for bringing this to our attention."
Amanda Foster,"The vintage book collection is incredible! Found some real treasures here. The staff's expertise in rare books is impressive.",5,"Thank you for appreciating our vintage collection, Amanda! We take great pride in curating unique and rare finds. Your recognition of our staff's expertise means a lot to us!"
Kevin Wright,"The cafe area was messy and the coffee was lukewarm. Book selection was good though.",3,"Hi Kevin, thank you for your feedback about both our strengths and areas for improvement. We've shared your comments with our cafe staff to ensure a better experience. We're glad you enjoyed our book selection and hope you'll notice improvements in our cafe on your next visit."
Patricia Lee,"Such a welcoming atmosphere! Love the local author section and the staff's personalized reading lists.",5,"Patricia, we're delighted you've noticed our efforts to support local authors! Your appreciation of our personalized service makes all the difference. Thank you for being part of our bookstore family!"
Robert Taylor,"Website said the book was in stock but it wasn't available in store. Wasted trip.",2,"We sincerely apologize for the inventory discrepancy, Robert. We're upgrading our inventory system to prevent such issues. Please contact us directly - we'd like to make it up to you on your next visit."
Maria Santos,"Best independent bookstore in the city! The poetry readings and writing workshops have introduced me to so many great local writers.",5,"Maria, what a wonderful review! Supporting local writers and creating spaces for literary events is our passion. Thank you for being part of our creative community!"
Chris Anderson,"Great selection but the lighting is too dim in the back sections. Hard to read book spines.",3,"Thank you for this constructive feedback, Chris. We're actually in the process of upgrading our lighting system! We appreciate you bringing this to our attention and hope you'll notice the improvement on your next visit."
Olivia Brown,"Found my new favorite reading spot in the upstairs nook! The staff recommendation cards are always spot-on.",5,"We're thrilled you've discovered our cozy reading nook, Olivia! Our staff loves writing those recommendation cards, and we're so happy they've helped you find great reads!"
Daniel Murphy,"Parking is difficult and the history section needs updating, but the staff is friendly.",3,"Hi Daniel, thank you for your balanced feedback. We're working with the city on improving parking options, and we're excited to share that our history section is getting a major update next month! We appreciate your patience and kind words about our staff."
Sophie Chen,"The mystery section is fantastic! Love the themed displays and the monthly detective book club.",5,"Sophie, thank you for this wonderful review! Our mystery section is a labor of love, and we're delighted you're enjoying both the selection and our book club. Your enthusiasm makes our work worthwhile!"
Nathan Brooks,"Store was too noisy during the afternoon. Couldn't concentrate on browsing.",2,"Hello Nathan, we appreciate your feedback about the noise levels. We're implementing designated quiet hours and creating more peaceful browsing spaces. We'd love to have you visit during our quieter morning hours to enjoy a more serene experience."
Hannah Kim,"Their rare book restoration service is amazing! They saved my grandmother's old cookbook.",5,"Hannah, thank you for trusting us with such a precious family heirloom! Preserving beloved books is one of our greatest joys. We're honored to have helped maintain your family's history."
Alex Rivera,"The membership program is worth every penny. Between the discounts and special events, this place is a book lover's paradise.",5,"Thank you for being a valued member, Alex! We're so glad you're taking full advantage of our membership benefits. Members like you help us continue building our bookish community!"
