Review,Sentiment
"A breathtaking visual feast that transports you to another world. The performances are outstanding and the story is deeply moving.",Positive
"An absolute train wreck. The plot is nonsensical, and the acting is painfully wooden.",Negative
"While the pacing drags in places, the film's emotional depth makes it a worthwhile watch.",Positive
"Overhyped and underwhelming, this movie fails to deliver on its promises and feels like a cash grab.",Negative
"Intriguing concept but muddled execution. There are some brilliant moments, but they are few and far between.",Negative
"A delightful romantic comedy that strikes all the right chords with its charming cast and witty dialogue.",Positive
"The soundtrack is great, but it feels like the film tries too hard to be profound and ends up confusing the audience.",Negative
"An exhilarating action-packed adventure that kept me on the edge of my seat from start to finish.",Positive
"The characters were forgettable, and the storyline felt recycled. Not a memorable experience.",Negative
"A unique blend of humor and drama, this film offers a refreshing perspective on modern relationships.",Positive
"The film’s ambition is commendable, even if it occasionally stumbles under its own weight.",Negative
"Beautifully shot but ultimately lacks substance, leaving you wanting more.",Negative
"A quirky charm makes this film enjoyable, despite its uneven pacing.",Positive
"An impressive cast struggles to elevate a script that feels disjointed.",Negative
"Visually stunning but emotionally flat, it misses the mark on engagement.",Negative
"While the premise is intriguing, the execution leaves much to be desired.",Negative
"The film's humor hits more often than it misses, but the plot feels like an afterthought.",Negative
"An exhilarating ride that lacks depth, making it more spectacle than story.",Negative
"Though it has moments of brilliance, they’re overshadowed by a convoluted plot.",Negative
"Engaging performances shine through, but the narrative feels predictable.",Negative
"A fascinating take on a classic story, though it struggles to find its own voice.",Negative
"Despite its flaws, there's an undeniable charm that keeps you invested.",Positive
"An ambitious project that doesn't fully come together but has its moments.",Negative
"While the film is visually arresting, the storyline is disappointingly thin.",Negative
"The twists are clever, but the overall story lacks emotional resonance.",Negative
"A mixed bag of creativity and cliché, offering some fresh ideas but familiar tropes.",Negative
"An interesting exploration of themes that occasionally gets lost in its own complexity.",Negative
"Strong performances can’t save a film that feels disjointed and unfocused.",Negative
"Charming in parts but often drags; it's a mixed experience overall.",Negative
"Although it has stunning visuals, the narrative leaves much to be desired.",Negative
"A bold attempt at storytelling, though its ambition occasionally overshadows coherence.",Negative
"The film has a unique style, yet it feels more like a collection of scenes than a cohesive story.",Negative
"With strong character moments, it sometimes loses track of the central plot.",Negative
"An engaging watch that occasionally feels like it’s trying too hard to be profound.",Negative
"The chemistry between leads is palpable, but the script lacks depth.",Negative
"While there are some laugh-out-loud moments, the overall story is weak.",Negative
"Visually captivating, but it seems more focused on aesthetics than narrative.",Negative
"An emotional journey that occasionally feels forced and contrived.",Negative
"The character arcs are interesting, but the pacing is inconsistent.",Negative
"An audacious vision that captivates but sometimes alienates its audience.",Negative
"While it's fun and engaging, it feels like it could have gone deeper.",Negative
"Strong visuals mask a muddled narrative that fails to engage fully.",Negative
"An entertaining film that has its heart in the right place but falters in execution.",Negative
"A thoughtful examination of its themes, though it doesn’t always hit the mark.",Negative
"Great ideas that are often overshadowed by poor pacing and execution.",Negative
"The performances are commendable, yet the film struggles to hold attention.",Negative
"While it has its moments of brilliance, it often feels like it’s treading water.",Negative
"An enjoyable film that’s not without its flaws; it balances on the edge of brilliance and banality.",Positive
"A mixture of charm and frustration, leaving viewers torn by its potential.",Negative
"The humor lands more often than not, but the overall plot is rather thin.",Negative
"A beautiful homage to its genre, but it lacks originality in its execution.",Negative
"Though it tries to be profound, it often veers into the realm of cliché.",Negative
"The film is an interesting watch, though it feels more like a visual experiment.",Negative
